Cosmos: A Spacetime Odyssey,Connection Error
Rick and Morty,Connection Error
Cosmos,Connection Error
The World at War,Connection Error
Life,Not Enough Info
The Civil War,Not Enough Info
Avatar: The Last Airbender,Connection Error
Dekalog,Connection Error
Fullmetal Alchemist: Brotherhood,Connection Error
The Blue Planet,Connection Error
Batman: The Animated Series,Connection Error
One Punch Man,Connection Error
Cowboy Bebop,Connection Error
Pride and Prejudice,Connection Error
Monty Python's Flying Circus,Connection Error
Das Boot,Connection Error
TVF Pitchers,Connection Error
Sarabhai vs Sarabhai,Connection Error
Over the Garden Wall,Connection Error
,Connection Error
Only Fools and Horses....,Connection Error
Blackadder Goes Forth,Connection Error
Fawlty Towers,Connection Error
Cosmos: A Spacetime Odyssey,Connection Error
Rick and Morty,Connection Error
Cosmos,Connection Error
Cosmos: A Spacetime Odyssey,Connection Error
Rick and Morty,Connection Error
Cosmos,Connection Error
The World at War,Connection Error
Life,Not Enough Info
The Civil War,Not Enough Info
Avatar: The Last Airbender,Connection Error
Dekalog,Connection Error
Fullmetal Alchemist: Brotherhood,Connection Error
The Blue Planet,Connection Error
Batman: The Animated Series,Connection Error
One Punch Man,Connection Error
Cowboy Bebop,Connection Error
Pride and Prejudice,Connection Error
Monty Python's Flying Circus,Connection Error
Das Boot,Connection Error
TVF Pitchers,Connection Error
Sarabhai vs Sarabhai,Connection Error
Over the Garden Wall,Connection Error
,Connection Error
Only Fools and Horses....,Connection Error
Blackadder Goes Forth,Connection Error
Fawlty Towers,Connection Error
The Return of Sherlock Holmes,Connection Error
The Jinx: The Life and Deaths of Robert Durst,Connection Error
From the Earth to the Moon,Not Enough Info
Dragon Ball Z,Connection Error
Hunter x Hunter,Connection Error
It's Always Sunny in Philadelphia,Connection Error
Attack on Titan,Connection Error
Dragon Ball Z,Connection Error
Chappelle's Show,Connection Error
Steins;Gate,Connection Error
Long Way Round,Not Enough Info
Daredevil,Connection Error
The Adventures of Sherlock Holmes,Connection Error
North & South,Connection Error
Lonesome Dove,Connection Error
Nathan for You,Connection Error
Battlestar Galactica,Connection Error
The Thick of It,Not Enough Info
Black-Adder II,Connection Error
QI,Connection Error
Berserk,Connection Error
Rurouni Kenshin: Meiji Kenkaku Romantan: Tsuioku Hen,Connection Error
Through the Wormhole,Connection Error
Black Adder the Third,Connection Error
Mystery Science Theater 3000,Not Enough Info
Mr. Robot,Connection Error
Code Geass: Lelouch of the Rebellion,Connection Error
Spaced,Connection Error
Brass Eye,Connection Error
Shameless,Connection Error
Battlestar Galactica,Connection Error
Star Trek: The Next Generation,Connection Error
Yes Minister,Not Enough Info
Young Justice,Connection Error
Dr. Horrible's Sing-Along Blog,Connection Error
The Bugs Bunny Show,Not Enough Info
Kardes Payi,Connection Error
Justice League,Connection Error
Alfred Hitchcock Presents,Not Enough Info
Gomorrah,Connection Error
Dragon Ball,Connection Error
Homicide: Life on the Street,Connection Error
Dragon Ball,Connection Error
Neon Genesis Evangelion,Connection Error
Tinker Tailor Soldier Spy,Connection Error
Spartacus: Gods of the Arena,Connection Error
Peep Show,Connection Error
Rurouni Kenshin: Wandering Samurai,Connection Error
Whose Line Is It Anyway?,Not Enough Info
The New Batman Adventures,Connection Error
The Venture Bros.,Connection Error
Leyla and Mecnun,Connection Error
The Legend of Korra,Connection Error
Agatha Christie's Poirot,Connection Error
The IT Crowd,Not Enough Info
Mr. Bean,Connection Error
Ghost in the Shell: Stand Alone Complex,Connection Error
I'm Alan Partridge,Connection Error
Spartacus: War of the Damned,Connection Error
Jesus of Nazareth,Not Enough Info
The People v. O.J. Simpson: American Crime Story,Connection Error
Wentworth Prison,Connection Error
Behzat Ç.: Bir Ankara Polisiyesi,Connection Error
Garth Marenghi's Darkplace,Connection Error
Permanent Roommates,Connection Error
Police Squad!,Connection Error
Isler Güçler,Connection Error
Carnivàle,Connection Error
X-Men,Not Enough Info
Scenes from a Marriage,Connection Error
Jeeves and Wooster,Connection Error
Parasyte: The Maxim,Connection Error
The Muppet Show,Not Enough Info
Utopia,Connection Error
Generation War,Connection Error
Mushi-Shi,Connection Error
Mr. Show with Bob and David,Connection Error
Naruto: Shippûden,Connection Error
Brigada,Connection Error
Roots,Not Enough Info
Yu Yu Hakusho: Ghost Files,Connection Error
My Mad Fat Diary,Connection Error
Borgen,Connection Error
The Kingdom,Connection Error
24: Live Another Day,Connection Error
I Love Lucy,Not Enough Info
M*A*S*H,Connection Error
The League of Gentlemen,Connection Error
The Dick Van Dyke Show,Not Enough Info
Trigun,Connection Error
Anne of Green Gables,Connection Error
Dragon Ball Z Kai,Connection Error
Foyle's War,Connection Error
TVF Tripling,Connection Error
This Is England '88,Connection Error
All in the Family,Not Enough Info
Invader ZIM,Connection Error
Red vs. Blue: The Blood Gulch Chronicles,Connection Error
Cranford,Not Enough Info
The Office (UK),Connection Error
O.J.,Connection Error
Homicide,Connection Error
Battlestar Galactica (2003),Connection Error
The People v. O.J. Simpson,Connection Error
The Roosevelts,Connection Error
Kurt Cobain,Connection Error
